time,open,high,low,close,volume
2026-05-06 00:00:18.600,28312.5,28315,28312.5,28315,96
2026-05-06 00:02:53.336,28307.5,28317.5,28307.5,28317.5,445
2026-05-06 00:06:34.560,28310,28320,28310,28320,819
2026-05-06 00:06:52.780,28312.5,28322.5,28312.5,28322.5,241
2026-05-06 00:15:00.732,28315,28325,28313.75,28325,2456
2026-05-06 00:27:26.296,28317.5,28327.5,28317.5,28327.5,2459
2026-05-06 00:27:50.832,28320,28330,28320,28330,387
2026-05-06 00:32:25.180,28322.5,28332.5,28322.5,28332.5,1236
2026-05-06 00:38:42.004,28325,28333,28315,28315,2468
2026-05-06 00:41:45.736,28322.5,28322.5,28312.5,28312.5,919
2026-05-06 00:46:52.388,28320,28330,28312,28330,1741
2026-05-06 00:47:01.484,28322.5,28332.5,28322.5,28332.5,138
2026-05-06 00:47:12.932,28325,28335,28325,28335,173
2026-05-06 00:47:12.984,28327.5,28337.5,28327.5,28337.5,141
2026-05-06 00:48:44.272,28330,28340,28330,28340,936
2026-05-06 00:50:38.108,28332.5,28342.5,28332.5,28342.5,627
2026-05-06 01:08:33.388,28335,28345,28328.5,28345,6024
2026-05-06 01:09:00.448,28337.5,28347.5,28337.5,28347.5,223
2026-05-06 01:16:04.884,28340,28349,28330,28330,2225
2026-05-06 01:16:22.964,28337.5,28337.5,28327.5,28327.5,303
2026-05-06 01:27:46.412,28335,28345,28326,28345,2975
2026-05-06 01:28:50.244,28337.5,28347.5,28337.5,28347.5,287
2026-05-06 01:49:14.476,28340,28350,28330.75,28350,5018
2026-05-06 01:50:53.596,28342.5,28352.5,28342.5,28352.5,592
2026-05-06 01:56:42.120,28345,28355,28344,28355,1738
2026-05-06 01:58:59.288,28347.5,28357.5,28347.5,28357.5,969
2026-05-06 02:00:18.316,28350,28360,28350,28360,533
2026-05-06 02:00:20.472,28352.5,28362.5,28352.5,28362.5,99
2026-05-06 02:00:22.732,28355,28365,28355,28365,154
2026-05-06 02:00:59.440,28357.5,28367.5,28357.5,28367.5,641
2026-05-06 02:05:57.540,28360,28368.5,28350,28350,2410
2026-05-06 02:05:59.960,28357.5,28357.5,28347.5,28347.5,117
2026-05-06 02:06:10.044,28355,28355,28345,28345,240
2026-05-06 02:07:23.680,28352.5,28352.5,28342.5,28342.5,597
2026-05-06 02:07:48.376,28350,28350,28340,28340,238
2026-05-06 02:07:55.808,28347.5,28347.5,28337.5,28337.5,131
2026-05-06 02:09:00.876,28345,28345,28335,28335,716
2026-05-06 02:12:08.604,28342.5,28342.5,28332.5,28332.5,1106
2026-05-06 02:12:39.688,28340,28340,28330,28330,263
2026-05-06 02:12:46.492,28337.5,28337.5,28327.5,28327.5,142
2026-05-06 02:17:32.060,28335,28336,28325,28325,1844
2026-05-06 02:20:03.072,28332.5,28332.5,28322.5,28322.5,1032
2026-05-06 02:21:15.132,28330,28330,28320,28320,738
2026-05-06 02:28:54.252,28327.5,28337.5,28318,28337.5,2527
2026-05-06 02:40:00.404,28330,28340,28321,28340,4173
2026-05-06 02:41:04.976,28332.5,28342.5,28332.5,28342.5,527
2026-05-06 02:42:00.152,28335,28343,28325,28325,1143
2026-05-06 02:42:00.184,28332.5,28332.5,28322.5,28322.5,49
2026-05-06 02:42:00.196,28330,28330,28320,28320,34
2026-05-06 02:42:00.216,28327.5,28327.5,28317.5,28317.5,63
2026-05-06 02:42:00.216,28325,28325,28315,28315,106
2026-05-06 02:42:07.508,28322.5,28323.75,28312.5,28312.5,783
2026-05-06 02:42:07.520,28320,28320,28310,28310,80
2026-05-06 02:42:07.632,28317.5,28317.5,28307.5,28307.5,77
2026-05-06 02:42:07.636,28315,28315,28305,28305,87
2026-05-06 02:42:08.716,28312.5,28312.5,28302.5,28302.5,218
2026-05-06 02:42:44.940,28310,28320,28300,28320,1896
2026-05-06 02:43:18.884,28312.5,28322.5,28312.5,28322.5,652
2026-05-06 02:44:09.272,28315,28325,28315,28325,422
2026-05-06 02:44:21.820,28317.5,28327.5,28317.5,28327.5,154
2026-05-06 02:46:23.632,28320,28330,28320,28330,971
2026-05-06 02:50:51.744,28322.5,28332.5,28312.5,28312.5,1745
2026-05-06 02:57:10.356,28320,28330,28312,28330,1652
2026-05-06 02:58:12.028,28322.5,28332.5,28322.5,28332.5,351
2026-05-06 02:58:49.052,28325,28335,28325,28335,301
2026-05-06 03:00:00.216,28327.5,28337.5,28327.5,28337.5,455
2026-05-06 03:04:03.540,28330,28340,28324,28340,2239
2026-05-06 03:04:06.904,28332.5,28342.5,28332.5,28342.5,76
2026-05-06 03:04:16.584,28335,28345,28335,28345,278
2026-05-06 03:05:34.636,28337.5,28347.5,28337.5,28347.5,912
2026-05-06 03:06:40.116,28340,28350,28340,28350,898
2026-05-06 03:11:43.884,28342.5,28352.5,28332.5,28332.5,2695
2026-05-06 03:11:48.720,28340,28340,28330,28330,91
2026-05-06 03:12:02.188,28337.5,28337.5,28327.5,28327.5,176
2026-05-06 03:12:09.592,28335,28335,28325,28325,209
2026-05-06 03:12:24.788,28332.5,28332.5,28322.5,28322.5,181
2026-05-06 03:12:55.316,28330,28330,28320,28320,353
2026-05-06 03:12:55.436,28327.5,28327.5,28317.5,28317.5,59
2026-05-06 03:13:03.704,28325,28325,28315,28315,178
2026-05-06 03:17:37.700,28322.5,28326.5,28312.5,28312.5,2328
2026-05-06 03:20:54.860,28320,28322.5,28310,28310,1371
2026-05-06 03:22:49.196,28317.5,28327.5,28307.5,28327.5,1266
2026-05-06 03:24:14.304,28320,28330,28320,28330,684
2026-05-06 03:24:33.588,28322.5,28332.5,28322.5,28332.5,202
2026-05-06 03:34:47.376,28325,28335,28316.75,28335,3912
2026-05-06 03:36:15.588,28327.5,28337.5,28327.5,28337.5,531
2026-05-06 03:45:00.940,28330,28340,28329.25,28340,2311
2026-05-06 03:46:06.992,28332.5,28342.5,28332.5,28342.5,711
2026-05-06 03:46:15.636,28335,28345,28335,28345,122
2026-05-06 03:46:24.080,28337.5,28347.5,28337.5,28347.5,183
2026-05-06 03:46:24.772,28340,28350,28340,28350,102
2026-05-06 04:00:15.180,28342.5,28352.5,28333.75,28352.5,5829
2026-05-06 04:02:06.952,28345,28355,28341.5,28355,1784
2026-05-06 04:06:43.484,28347.5,28357.5,28342.25,28357.5,2700
2026-05-06 04:07:15.880,28350,28360,28350,28360,417
2026-05-06 04:08:22.740,28352.5,28362.5,28352.5,28362.5,976
2026-05-06 04:12:42.852,28355,28364.25,28345,28345,3208
2026-05-06 04:15:46.120,28352.5,28352.5,28342.5,28342.5,1375
2026-05-06 04:15:54.120,28350,28350,28340,28340,149
2026-05-06 04:19:11.216,28347.5,28350,28337.5,28337.5,1269
2026-05-06 04:20:01.212,28345,28345,28335,28335,326
2026-05-06 04:20:03.580,28342.5,28342.5,28332.5,28332.5,90
2026-05-06 04:20:15.892,28340,28340,28330,28330,206
2026-05-06 04:20:16.332,28337.5,28337.5,28327.5,28327.5,76
2026-05-06 04:21:45.896,28335,28335,28325,28325,762
2026-05-06 04:28:00.220,28332.5,28342.5,28323.75,28342.5,2452
2026-05-06 04:30:55.224,28335,28345,28333.75,28345,1467
2026-05-06 04:33:15.180,28337.5,28347.5,28334.25,28347.5,1332
2026-05-06 04:33:37.592,28340,28350,28340,28350,239
2026-05-06 04:33:41.440,28342.5,28352.5,28342.5,28352.5,101
2026-05-06 04:33:47.104,28345,28355,28345,28355,110
2026-05-06 04:35:49.072,28347.5,28357.5,28347.5,28357.5,865
2026-05-06 04:36:44.080,28350,28360,28350,28360,349
2026-05-06 04:37:02.156,28352.5,28362.5,28352.5,28362.5,175
2026-05-06 04:45:44.688,28355,28365,28355,28365,2833
2026-05-06 04:45:55.372,28357.5,28367.5,28357.5,28367.5,173
2026-05-06 04:46:13.704,28360,28370,28360,28370,430
2026-05-06 04:46:17.804,28362.5,28372.5,28362.5,28372.5,241
2026-05-06 04:50:07.724,28365,28375,28361.25,28375,1932
2026-05-06 04:50:08.136,28367.5,28377.5,28367.5,28377.5,284
2026-05-06 04:50:08.508,28370,28380,28370,28380,319
2026-05-06 04:50:08.528,28372.5,28382.5,28372.5,28382.5,69
2026-05-06 04:50:10.220,28375,28385,28372.75,28385,1123
2026-05-06 04:50:10.352,28377.5,28387.5,28377.5,28387.5,225
2026-05-06 04:50:17.516,28380,28390,28375.75,28390,1565
2026-05-06 04:50:17.516,28382.5,28392.5,28382.5,28392.5,45
2026-05-06 04:50:17.516,28385,28395,28385,28395,57
2026-05-06 04:50:26.052,28387.5,28397.5,28383,28397.5,1594
2026-05-06 04:50:33.748,28390,28400,28390,28400,1022
2026-05-06 04:50:33.752,28392.5,28402.5,28392.5,28402.5,42
2026-05-06 04:50:33.828,28395,28405,28395,28405,148
2026-05-06 04:50:34.948,28397.5,28407.5,28397.5,28407.5,297
2026-05-06 04:50:35.136,28400,28410,28400,28410,109
2026-05-06 04:50:35.496,28402.5,28412.5,28402.5,28412.5,124
2026-05-06 04:50:36.756,28405,28415,28405,28415,209
2026-05-06 04:50:40.452,28407.5,28417.5,28407.5,28417.5,537
2026-05-06 04:50:40.760,28410,28420,28410,28420,65
2026-05-06 04:50:40.828,28412.5,28422.5,28412.5,28422.5,31
2026-05-06 04:50:41.504,28415,28425,28415,28425,164
2026-05-06 04:50:41.504,28417.5,28427.5,28417.5,28427.5,16
2026-05-06 04:50:41.524,28420,28430,28420,28430,85
2026-05-06 04:51:14.096,28422.5,28432.5,28412.5,28432.5,3201
2026-05-06 04:51:38.180,28425,28433,28415,28415,1369
2026-05-06 04:51:44.012,28422.5,28422.5,28412.5,28412.5,247
2026-05-06 04:51:44.380,28420,28420,28410,28410,40
2026-05-06 04:52:00.672,28417.5,28420.25,28407.5,28407.5,675
2026-05-06 04:52:11.384,28415,28425,28407.25,28425,415
2026-05-06 04:52:12.612,28417.5,28427.5,28417.5,28427.5,75
2026-05-06 04:52:12.708,28420,28430,28420,28430,57
2026-05-06 04:52:14.596,28422.5,28432.5,28422.5,28432.5,87
2026-05-06 04:52:14.604,28425,28435,28425,28435,40
2026-05-06 04:52:14.616,28427.5,28437.5,28427.5,28437.5,51
2026-05-06 04:52:38.104,28430,28440,28430,28440,1464
2026-05-06 04:52:38.152,28432.5,28442.5,28432.5,28442.5,50
2026-05-06 04:52:38.156,28435,28445,28435,28445,52
2026-05-06 04:52:49.420,28437.5,28447.5,28437.5,28447.5,689
2026-05-06 04:53:09.672,28440,28450,28440,28450,1302
2026-05-06 04:53:09.696,28442.5,28452.5,28442.5,28452.5,45
2026-05-06 04:54:15.388,28445,28455,28437.25,28455,2678
2026-05-06 04:54:16.516,28447.5,28457.5,28447.5,28457.5,50
2026-05-06 04:54:26.992,28450,28460,28450,28460,440
2026-05-06 04:54:36.132,28452.5,28462.5,28452.5,28462.5,304
2026-05-06 04:54:41.304,28455,28465,28455,28465,451
2026-05-06 04:54:41.320,28457.5,28467.5,28457.5,28467.5,58
2026-05-06 04:54:41.340,28460,28470,28460,28470,53
2026-05-06 04:54:41.340,28462.5,28472.5,28462.5,28472.5,18
2026-05-06 04:54:43.144,28465,28475,28465,28475,276
2026-05-06 04:55:21.012,28467.5,28477.5,28458,28477.5,1814
2026-05-06 04:55:26.740,28470,28480,28470,28480,288
2026-05-06 04:55:26.948,28472.5,28482.5,28472.5,28482.5,41
2026-05-06 04:55:28.428,28475,28485,28475,28485,142
2026-05-06 04:55:28.612,28477.5,28487.5,28477.5,28487.5,55
2026-05-06 04:55:29.096,28480,28490,28480,28490,278
2026-05-06 04:55:33.488,28482.5,28492.5,28482.5,28492.5,332
2026-05-06 04:55:38.580,28485,28495,28485,28495,451
2026-05-06 04:55:41.004,28487.5,28497.5,28487.5,28497.5,161
2026-05-06 04:55:41.948,28490,28500,28490,28500,280
2026-05-06 04:55:41.980,28492.5,28502.5,28492.5,28502.5,34
2026-05-06 04:55:41.988,28495,28505,28495,28505,23
2026-05-06 04:55:42.336,28497.5,28507.5,28497.5,28507.5,92
2026-05-06 04:55:43.172,28500,28510,28500,28510,132
2026-05-06 04:55:45.200,28502.5,28512.5,28502.5,28512.5,186
2026-05-06 04:56:21.384,28505,28515,28498.75,28515,2623
2026-05-06 04:56:25.780,28507.5,28517.5,28507.5,28517.5,333
2026-05-06 04:56:33.788,28510,28519,28500,28500,591
2026-05-06 04:56:49.988,28507.5,28507.5,28497.5,28497.5,531
2026-05-06 04:56:54.700,28505,28505,28495,28495,148
2026-05-06 04:56:55.480,28502.5,28502.5,28492.5,28492.5,64
2026-05-06 04:57:22.800,28500,28509.5,28490,28490,1375
2026-05-06 04:57:23.028,28497.5,28497.5,28487.5,28487.5,76
2026-05-06 04:57:46.340,28495,28495,28485,28485,900
2026-05-06 04:58:24.152,28492.5,28494,28482.5,28482.5,1060
2026-05-06 04:58:46.196,28490,28490,28480,28480,548
2026-05-06 04:58:56.784,28487.5,28487.5,28477.5,28477.5,219
2026-05-06 05:00:22.056,28485,28495,28475.5,28495,2507
2026-05-06 05:00:23.096,28487.5,28497.5,28487.5,28497.5,50
2026-05-06 05:00:48.108,28490,28498.5,28480,28480,864
2026-05-06 05:01:04.572,28487.5,28487.5,28477.5,28477.5,340
2026-05-06 05:01:10.392,28485,28485,28475,28475,146
2026-05-06 05:01:10.728,28482.5,28482.5,28472.5,28472.5,47
2026-05-06 05:01:14.164,28480,28480,28470,28470,232
2026-05-06 05:01:15.156,28477.5,28477.5,28467.5,28467.5,89
2026-05-06 05:01:55.380,28475,28475.75,28465,28465,878
2026-05-06 05:02:01.568,28472.5,28472.5,28462.5,28462.5,212
2026-05-06 05:02:01.760,28470,28470,28460,28460,69
2026-05-06 05:02:20.900,28467.5,28467.5,28457.5,28457.5,593
2026-05-06 05:02:23.128,28465,28465,28455,28455,64
2026-05-06 05:02:35.392,28462.5,28462.5,28452.5,28452.5,254
2026-05-06 05:03:10.240,28460,28460,28450,28450,759
2026-05-06 05:03:10.864,28457.5,28457.5,28447.5,28447.5,62
2026-05-06 05:03:13.780,28455,28455,28445,28445,78
2026-05-06 05:03:29.004,28452.5,28452.5,28442.5,28442.5,305
2026-05-06 05:03:35.244,28450,28450,28440,28440,206
2026-05-06 05:03:39.340,28447.5,28447.5,28437.5,28437.5,134
2026-05-06 05:03:45.448,28445,28445,28435,28435,245
2026-05-06 05:03:45.704,28442.5,28442.5,28432.5,28432.5,47
2026-05-06 05:03:55.620,28440,28440,28430,28430,359
2026-05-06 05:03:58.320,28437.5,28437.5,28427.5,28427.5,60
2026-05-06 05:05:03.296,28435,28438.75,28425,28425,1316
2026-05-06 05:05:05.764,28432.5,28432.5,28422.5,28422.5,136
2026-05-06 05:05:08.028,28430,28430,28420,28420,114
2026-05-06 05:05:10.876,28427.5,28427.5,28417.5,28417.5,55
2026-05-06 05:08:23.184,28425,28435,28415,28435,3144
2026-05-06 05:09:56.976,28427.5,28435.75,28417.5,28417.5,1430
2026-05-06 05:11:16.096,28425,28435,28415.75,28435,1494
2026-05-06 05:11:18.344,28427.5,28437.5,28427.5,28437.5,90
2026-05-06 05:12:05.552,28430,28440,28430,28440,1075
2026-05-06 05:12:06.528,28432.5,28442.5,28432.5,28442.5,38
2026-05-06 05:12:10.116,28435,28445,28435,28445,198
2026-05-06 05:12:14.140,28437.5,28447.5,28437.5,28447.5,164
2026-05-06 05:12:18.624,28440,28450,28440,28450,204
2026-05-06 05:13:21.160,28442.5,28452.5,28442.5,28452.5,1085
2026-05-06 05:15:28.600,28445,28455,28444.5,28455,1692
2026-05-06 05:16:05.736,28447.5,28457.5,28447.5,28457.5,429
2026-05-06 05:16:11.620,28450,28460,28450,28460,145
2026-05-06 05:16:19.492,28452.5,28462.5,28452.5,28462.5,184
2026-05-06 05:16:39.340,28455,28465,28455,28465,370
2026-05-06 05:17:30.108,28457.5,28467.5,28457.5,28467.5,752
2026-05-06 05:19:22.588,28460,28470,28458.25,28470,1305
2026-05-06 05:20:18.104,28462.5,28472.5,28462.5,28472.5,969
2026-05-06 05:21:22.336,28465,28472.75,28455,28455,1174
2026-05-06 05:21:22.348,28462.5,28462.5,28452.5,28452.5,47
2026-05-06 05:21:22.436,28460,28460,28450,28450,72
2026-05-06 05:21:51.288,28457.5,28467.5,28449.75,28467.5,655
2026-05-06 05:28:17.312,28460,28470,28453.25,28470,3505
2026-05-06 05:32:14.564,28462.5,28472.5,28457.5,28472.5,2347
2026-05-06 05:32:17.764,28465,28475,28465,28475,317
2026-05-06 05:32:17.832,28467.5,28477.5,28467.5,28477.5,85
2026-05-06 05:32:17.836,28470,28480,28470,28480,82
2026-05-06 05:32:17.840,28472.5,28482.5,28472.5,28482.5,77
2026-05-06 05:32:17.840,28475,28485,28475,28485,81
2026-05-06 05:32:18.096,28477.5,28487.5,28477.5,28487.5,338
2026-05-06 05:33:08.024,28480,28490,28478,28490,1354
2026-05-06 05:33:10.092,28482.5,28492.5,28482.5,28492.5,88
2026-05-06 05:33:11.732,28485,28495,28485,28495,85
2026-05-06 05:34:36.904,28487.5,28497.5,28487.5,28497.5,1192
2026-05-06 05:34:51.148,28490,28500,28490,28500,417
2026-05-06 05:40:09.956,28492.5,28502.5,28486.5,28502.5,4569
2026-05-06 05:40:21.812,28495,28505,28495,28505,228
2026-05-06 05:43:29.676,28497.5,28507.5,28496,28507.5,2128
2026-05-06 05:45:17.232,28500,28509.25,28490,28490,1513
2026-05-06 05:45:25.540,28497.5,28497.5,28487.5,28487.5,141
2026-05-06 05:45:36.932,28495,28495,28485,28485,249
2026-05-06 05:46:51.480,28492.5,28493.25,28482.5,28482.5,942
2026-05-06 05:52:52.116,28490,28500,28480.75,28500,3609
2026-05-06 05:53:49.440,28492.5,28502.5,28492.5,28502.5,669
2026-05-06 05:54:23.348,28495,28505,28495,28505,440
2026-05-06 05:54:43.448,28497.5,28507.5,28497.5,28507.5,201
2026-05-06 05:55:20.580,28500,28510,28500,28510,489
2026-05-06 05:56:39.660,28502.5,28512.5,28502.5,28512.5,782
2026-05-06 06:00:30.620,28505,28515,28501.75,28515,2577
2026-05-06 06:00:30.672,28507.5,28517.5,28507.5,28517.5,136
2026-05-06 06:01:48.516,28510,28520,28501.5,28520,3133
2026-05-06 06:01:49.280,28512.5,28522.5,28512.5,28522.5,180
2026-05-06 06:01:57.460,28515,28525,28515,28525,305
2026-05-06 06:02:03.048,28517.5,28527.5,28517.5,28527.5,189
2026-05-06 06:02:04.596,28520,28530,28520,28530,146
2026-05-06 06:02:04.916,28522.5,28532.5,28522.5,28532.5,144
2026-05-06 06:02:10.536,28525,28535,28525,28535,265
2026-05-06 06:02:12.104,28527.5,28537.5,28527.5,28537.5,86
2026-05-06 06:03:00.368,28530,28538.5,28520,28520,1256
2026-05-06 06:05:17.144,28527.5,28529.5,28517.5,28517.5,2387
2026-05-06 06:05:49.072,28525,28525,28515,28515,387
2026-05-06 06:06:00.940,28522.5,28522.5,28512.5,28512.5,156
2026-05-06 06:08:27.724,28520,28523.25,28510,28510,1578
2026-05-06 06:08:35.596,28517.5,28517.5,28507.5,28507.5,189
2026-05-06 06:08:37.468,28515,28515,28505,28505,99
2026-05-06 06:11:40.124,28512.5,28522.5,28502.75,28522.5,2249
2026-05-06 06:16:23.336,28515,28525,28506,28525,2819
2026-05-06 06:16:26.292,28517.5,28527.5,28517.5,28527.5,94
2026-05-06 06:16:27.080,28520,28530,28520,28530,97
2026-05-06 06:16:58.148,28522.5,28532.5,28522.5,28532.5,624
2026-05-06 06:17:02.484,28525,28535,28525,28535,160
2026-05-06 06:17:18.716,28527.5,28537.5,28527.5,28537.5,326
2026-05-06 06:18:50.444,28530,28540,28523.75,28540,1422
2026-05-06 06:18:51.084,28532.5,28542.5,28532.5,28542.5,194
2026-05-06 06:19:39.740,28535,28545,28535,28545,842
2026-05-06 06:19:39.932,28537.5,28547.5,28537.5,28547.5,79
2026-05-06 06:27:11.188,28540,28550,28535,28550,5429
2026-05-06 06:27:33.748,28542.5,28552.5,28542.5,28552.5,355
2026-05-06 06:29:44.000,28545,28555,28538.5,28555,1858
2026-05-06 06:30:12.328,28547.5,28557.5,28547.5,28557.5,729
2026-05-06 06:30:32.220,28550,28560,28550,28560,335
2026-05-06 06:30:36.308,28552.5,28562.5,28552.5,28562.5,135
2026-05-06 06:33:43.012,28555,28565,28553.25,28565,2807
2026-05-06 06:33:48.604,28557.5,28567.5,28557.5,28567.5,189
2026-05-06 06:33:49.756,28560,28570,28560,28570,147
2026-05-06 06:40:35.600,28562.5,28572.5,28559.75,28572.5,5810
2026-05-06 06:41:13.324,28565,28575,28565,28575,859
2026-05-06 06:41:15.560,28567.5,28577.5,28567.5,28577.5,152
2026-05-06 06:42:29.448,28570,28580,28567.5,28580,1925
2026-05-06 06:42:29.488,28572.5,28582.5,28572.5,28582.5,82
2026-05-06 06:43:18.100,28575,28585,28572,28585,1387
2026-05-06 06:44:12.092,28577.5,28587.5,28577.5,28587.5,1297
2026-05-06 06:45:33.856,28580,28590,28580,28590,1666
2026-05-06 06:45:53.792,28582.5,28592.5,28582.5,28592.5,486
2026-05-06 06:48:27.812,28585,28595,28582.25,28595,2578
2026-05-06 06:48:30.112,28587.5,28597.5,28587.5,28597.5,155
2026-05-06 06:49:27.012,28590,28599.75,28580,28580,1714
2026-05-06 06:49:27.044,28587.5,28587.5,28577.5,28577.5,49
2026-05-06 06:49:27.372,28585,28585,28575,28575,166
2026-05-06 06:49:27.472,28582.5,28582.5,28572.5,28572.5,113
2026-05-06 06:49:29.532,28580,28580,28570,28570,769
2026-05-06 06:49:35.040,28577.5,28578.25,28567.5,28567.5,909
2026-05-06 06:49:35.092,28575,28575,28565,28565,52
2026-05-06 06:49:35.468,28572.5,28572.5,28562.5,28562.5,174
2026-05-06 06:50:27.336,28570,28580,28560.5,28580,2029
2026-05-06 06:50:28.632,28572.5,28582.5,28572.5,28582.5,115
2026-05-06 06:50:40.056,28575,28585,28575,28585,209
2026-05-06 06:50:42.448,28577.5,28587.5,28577.5,28587.5,110
2026-05-06 06:50:42.556,28580,28590,28580,28590,94
2026-05-06 06:50:43.036,28582.5,28592.5,28582.5,28592.5,72
2026-05-06 06:51:59.188,28585,28594,28575,28575,1732
2026-05-06 06:53:05.000,28582.5,28592.5,28574.75,28592.5,1215
2026-05-06 06:53:05.000,28585,28595,28585,28595,30
2026-05-06 06:53:05.060,28587.5,28597.5,28587.5,28597.5,83
2026-05-06 06:53:05.076,28590,28600,28590,28600,130
2026-05-06 06:53:05.076,28592.5,28602.5,28592.5,28602.5,29
2026-05-06 06:53:05.076,28595,28605,28595,28605,43
2026-05-06 06:53:05.108,28597.5,28607.5,28594,28607.5,213
2026-05-06 06:53:05.108,28600,28610,28600,28610,43
2026-05-06 06:53:05.108,28602.5,28612.5,28602.5,28612.5,11
2026-05-06 06:53:05.108,28605,28615,28605,28615,19
2026-05-06 06:53:05.108,28607.5,28617.5,28607.5,28617.5,11
2026-05-06 06:53:06.932,28610,28618,28600,28600,581
2026-05-06 06:53:07.156,28607.5,28607.5,28597.5,28597.5,21
2026-05-06 06:53:07.292,28605,28605,28595,28595,25
2026-05-06 06:53:07.488,28602.5,28602.5,28592.5,28592.5,66
2026-05-06 06:53:07.524,28600,28600,28590,28590,18
2026-05-06 06:53:07.560,28597.5,28597.5,28587.5,28587.5,13
2026-05-06 06:53:44.992,28595,28605,28585,28605,1771
2026-05-06 06:54:04.040,28597.5,28607.5,28596.75,28607.5,766
2026-05-06 06:54:05.876,28600,28610,28600,28610,109
2026-05-06 06:56:54.048,28602.5,28612.25,28592.5,28592.5,3907
2026-05-06 06:56:54.076,28600,28600,28590,28590,30
2026-05-06 06:56:54.132,28597.5,28597.5,28587.5,28587.5,38
2026-05-06 06:56:59.352,28595,28595.75,28585,28585,461
2026-05-06 07:00:00.176,28592.5,28598,28582.5,28582.5,3390
2026-05-06 07:00:00.276,28590,28590,28580,28580,96
2026-05-06 07:00:00.364,28587.5,28587.5,28577.5,28577.5,72
2026-05-06 07:00:39.868,28585,28595,28575,28595,1368
2026-05-06 07:00:42.804,28587.5,28597.5,28587.5,28597.5,85
2026-05-06 07:01:25.308,28590,28600,28590,28600,1001
2026-05-06 07:01:27.048,28592.5,28602.5,28592.5,28602.5,51
2026-05-06 07:01:32.436,28595,28605,28595,28605,167
2026-05-06 07:01:34.964,28597.5,28607.5,28597.5,28607.5,79
2026-05-06 07:01:41.816,28600,28610,28600,28610,278
2026-05-06 07:01:43.820,28602.5,28612.5,28602.5,28612.5,72
2026-05-06 07:01:44.192,28605,28615,28605,28615,73
2026-05-06 07:01:49.104,28607.5,28617.5,28607.5,28617.5,293
2026-05-06 07:05:57.220,28610,28620,28600.5,28620,6499
2026-05-06 07:06:11.760,28612.5,28622.5,28612.5,28622.5,472
2026-05-06 07:06:45.852,28615,28625,28615,28625,919
2026-05-06 07:09:16.004,28617.5,28627.5,28612.75,28627.5,3072
2026-05-06 07:10:27.792,28620,28630,28619.5,28630,1541
2026-05-06 07:10:36.048,28622.5,28632.5,28622.5,28632.5,261
2026-05-06 07:12:10.420,28625,28634.75,28615,28615,2900
2026-05-06 07:12:18.460,28622.5,28622.5,28612.5,28612.5,457
2026-05-06 07:12:19.404,28620,28620,28610,28610,95
2026-05-06 07:12:34.292,28617.5,28617.5,28607.5,28607.5,497
2026-05-06 07:12:39.416,28615,28615,28605,28605,128
2026-05-06 07:15:25.388,28612.5,28622.5,28602.75,28622.5,3556
2026-05-06 07:15:29.108,28615,28625,28615,28625,144
2026-05-06 07:16:28.504,28617.5,28627.5,28617.5,28627.5,998
2026-05-06 07:16:29.816,28620,28630,28620,28630,87
2026-05-06 07:20:05.488,28622.5,28631.5,28612.5,28612.5,3803
2026-05-06 07:20:50.688,28620,28620,28610,28610,1079
2026-05-06 07:21:03.412,28617.5,28617.5,28607.5,28607.5,181
2026-05-06 07:21:11.776,28615,28615,28605,28605,272
2026-05-06 07:21:29.728,28612.5,28612.5,28602.5,28602.5,360
2026-05-06 07:23:29.104,28610,28610,28600,28600,2058
2026-05-06 07:23:39.320,28607.5,28607.5,28597.5,28597.5,318
2026-05-06 07:28:09.212,28605,28608.25,28595,28595,3545
2026-05-06 07:28:31.832,28602.5,28602.5,28592.5,28592.5,293
2026-05-06 07:28:33.248,28600,28600,28590,28590,141
2026-05-06 07:28:41.116,28597.5,28597.5,28587.5,28587.5,160
2026-05-06 07:28:45.912,28595,28595,28585,28585,183
2026-05-06 07:29:26.620,28592.5,28602.5,28583,28602.5,1057
2026-05-06 07:30:50.724,28595,28603.25,28585,28585,1434
2026-05-06 07:30:50.864,28592.5,28592.5,28582.5,28582.5,61
2026-05-06 07:30:59.404,28590,28590,28580,28580,362
2026-05-06 07:32:35.944,28587.5,28588.75,28577.5,28577.5,1548
2026-05-06 07:32:38.480,28585,28585,28575,28575,213
2026-05-06 07:35:55.136,28582.5,28592.5,28573.25,28592.5,2823
2026-05-06 07:36:31.188,28585,28595,28585,28595,405
2026-05-06 07:36:39.776,28587.5,28597.5,28587.5,28597.5,171
2026-05-06 07:37:38.116,28590,28600,28590,28600,770
2026-05-06 07:37:43.460,28592.5,28602.5,28592.5,28602.5,197
2026-05-06 07:38:17.564,28595,28605,28595,28605,659
2026-05-06 07:38:35.236,28597.5,28607.5,28597.5,28607.5,311
2026-05-06 07:40:48.520,28600,28608.75,28590,28590,1854
2026-05-06 07:41:41.404,28597.5,28597.5,28587.5,28587.5,998
2026-05-06 07:41:41.408,28595,28595,28585,28585,71
2026-05-06 07:41:41.412,28592.5,28592.5,28582.5,28582.5,44
2026-05-06 07:41:41.476,28590,28590,28580,28580,71
2026-05-06 07:41:41.476,28587.5,28587.5,28577.5,28577.5,16
2026-05-06 07:41:41.476,28585,28585,28575,28575,50
2026-05-06 07:41:47.124,28582.5,28588.25,28572.5,28572.5,1140
2026-05-06 07:41:47.268,28580,28580,28570,28570,121
2026-05-06 07:41:47.284,28577.5,28577.5,28567.5,28567.5,16
2026-05-06 07:41:47.308,28575,28575,28565,28565,50
2026-05-06 07:41:47.336,28572.5,28572.5,28562.5,28562.5,38
2026-05-06 07:41:47.336,28570,28570,28560,28560,49
2026-05-06 07:41:47.336,28567.5,28567.5,28557.5,28557.5,22
2026-05-06 07:41:47.340,28565,28565,28555,28555,30
2026-05-06 07:41:47.348,28562.5,28565.75,28552.5,28552.5,35
2026-05-06 07:41:49.672,28560,28570,28550.25,28570,928
2026-05-06 07:41:49.816,28562.5,28572.5,28562.5,28572.5,28
2026-05-06 07:41:50.376,28565,28575,28565,28575,81
2026-05-06 07:41:51.492,28567.5,28577.5,28567.5,28577.5,221
2026-05-06 07:41:52.056,28570,28580,28570,28580,33
2026-05-06 07:41:54.732,28572.5,28582.5,28572.5,28582.5,98
2026-05-06 07:41:59.500,28575,28585,28575,28585,205
2026-05-06 07:42:00.020,28577.5,28587.5,28577.5,28587.5,21
2026-05-06 07:42:00.956,28580,28590,28580,28590,31
2026-05-06 07:43:03.800,28582.5,28590.25,28572.5,28572.5,1936
2026-05-06 07:43:04.216,28580,28580,28570,28570,25
2026-05-06 07:43:09.704,28577.5,28577.5,28567.5,28567.5,128
2026-05-06 07:43:11.028,28575,28575,28565,28565,65
2026-05-06 07:43:12.656,28572.5,28572.5,28562.5,28562.5,133
2026-05-06 07:43:26.684,28570,28570,28560,28560,639
2026-05-06 07:44:08.488,28567.5,28569.5,28557.5,28557.5,1149
2026-05-06 07:44:09.868,28565,28565,28555,28555,78
2026-05-06 07:44:30.712,28562.5,28562.5,28552.5,28552.5,456
2026-05-06 07:44:37.060,28560,28560,28550,28550,286
2026-05-06 07:44:57.436,28557.5,28557.5,28547.5,28547.5,667
2026-05-06 07:45:15.692,28555,28555,28545,28545,751
2026-05-06 07:45:17.396,28552.5,28552.5,28542.5,28542.5,116
2026-05-06 07:45:18.680,28550,28550,28540,28540,151
2026-05-06 07:45:28.136,28547.5,28547.5,28537.5,28537.5,487
2026-05-06 07:45:28.156,28545,28545,28535,28535,74
2026-05-06 07:45:56.760,28542.5,28552.5,28534.5,28552.5,1204
2026-05-06 07:46:09.820,28545,28555,28545,28555,581
2026-05-06 07:48:36.596,28547.5,28557.5,28537.5,28537.5,4076
2026-05-06 07:48:36.640,28545,28545,28535,28535,51
2026-05-06 07:48:36.728,28542.5,28542.5,28532.5,28532.5,107
2026-05-06 07:48:36.968,28540,28540,28530,28530,107
2026-05-06 07:50:42.064,28537.5,28541,28527.5,28527.5,3323
2026-05-06 07:51:15.372,28535,28545,28526.5,28545,1005
2026-05-06 07:51:22.212,28537.5,28547.5,28537.5,28547.5,181
2026-05-06 07:51:39.504,28540,28550,28540,28550,385
2026-05-06 07:51:48.328,28542.5,28552.5,28542.5,28552.5,246
2026-05-06 07:51:55.628,28545,28555,28545,28555,274
2026-05-06 07:51:55.660,28547.5,28557.5,28547.5,28557.5,87
2026-05-06 07:56:18.772,28550,28558.25,28540,28540,3667
2026-05-06 07:56:25.968,28547.5,28547.5,28537.5,28537.5,266
2026-05-06 07:56:27.632,28545,28545,28535,28535,84
2026-05-06 07:56:32.320,28542.5,28542.5,28532.5,28532.5,263
2026-05-06 07:56:46.104,28540,28540,28530,28530,400
2026-05-06 07:56:46.172,28537.5,28537.5,28527.5,28527.5,34
2026-05-06 07:57:07.876,28535,28535,28525,28525,913
2026-05-06 07:57:12.848,28532.5,28532.5,28522.5,28522.5,245
2026-05-06 07:57:12.852,28530,28530,28520,28520,122
2026-05-06 07:57:12.876,28527.5,28527.5,28517.5,28517.5,58
2026-05-06 07:57:12.876,28525,28525,28515,28515,82
2026-05-06 07:57:47.120,28522.5,28532.5,28514.75,28532.5,1151
2026-05-06 07:58:00.032,28525,28535,28525,28535,334
2026-05-06 07:58:00.760,28527.5,28537.5,28527.5,28537.5,36
2026-05-06 07:59:49.684,28530,28540,28525.25,28540,2034
2026-05-06 08:01:40.172,28532.5,28542,28522.5,28522.5,2217
2026-05-06 08:01:40.172,28530,28530,28520,28520,108
2026-05-06 08:02:08.296,28527.5,28527.5,28517.5,28517.5,735
2026-05-06 08:02:10.508,28525,28525,28515,28515,83
2026-05-06 08:02:20.144,28522.5,28522.5,28512.5,28512.5,338
2026-05-06 08:03:37.900,28520,28523.75,28510,28510,1839
2026-05-06 08:03:43.584,28517.5,28517.5,28507.5,28507.5,390
2026-05-06 08:03:47.068,28515,28515,28505,28505,242
2026-05-06 08:03:47.084,28512.5,28512.5,28502.5,28502.5,65
2026-05-06 08:03:51.472,28510,28510,28500,28500,426
2026-05-06 08:03:51.484,28507.5,28507.5,28497.5,28497.5,100
2026-05-06 08:03:52.324,28505,28505,28495,28495,233
2026-05-06 08:04:08.084,28502.5,28502.5,28492.5,28492.5,736
2026-05-06 08:05:32.032,28500,28505.5,28490,28490,2199
2026-05-06 08:06:20.256,28497.5,28498.25,28487.5,28487.5,1347
2026-05-06 08:06:21.628,28495,28495,28485,28485,171
2026-05-06 08:06:34.660,28492.5,28492.5,28482.5,28482.5,778
2026-05-06 08:06:39.144,28490,28490,28480,28480,216
2026-05-06 08:06:39.880,28487.5,28487.5,28477.5,28477.5,103
2026-05-06 08:06:40.048,28485,28485,28475,28475,123
2026-05-06 08:06:40.100,28482.5,28482.5,28472.5,28472.5,108
2026-05-06 08:06:40.464,28480,28480,28470,28470,291
2026-05-06 08:07:49.344,28477.5,28487.5,28469,28487.5,3251
2026-05-06 08:07:53.536,28480,28490,28480,28490,106
2026-05-06 08:07:53.592,28482.5,28492.5,28482.5,28492.5,36
2026-05-06 08:07:54.388,28485,28495,28485,28495,78
2026-05-06 08:07:56.904,28487.5,28497.5,28487.5,28497.5,256
2026-05-06 08:08:12.512,28490,28500,28490,28500,595
2026-05-06 08:08:12.676,28492.5,28502.5,28492.5,28502.5,31
2026-05-06 08:08:15.536,28495,28505,28495,28505,309
2026-05-06 08:09:00.688,28497.5,28507.5,28497.5,28507.5,1146
2026-05-06 08:10:00.980,28500,28507.75,28490,28490,1079
2026-05-06 08:11:16.064,28497.5,28507.5,28488.5,28507.5,1388
2026-05-06 08:11:48.500,28500,28510,28500,28510,694
2026-05-06 08:11:59.628,28502.5,28512.5,28502.5,28512.5,446
2026-05-06 08:13:12.116,28505,28514.75,28495,28495,1329
2026-05-06 08:13:13.760,28502.5,28502.5,28492.5,28492.5,58
2026-05-06 08:13:20.248,28500,28500,28490,28490,109
2026-05-06 08:13:21.788,28497.5,28497.5,28487.5,28487.5,77
2026-05-06 08:13:23.292,28495,28495,28485,28485,145
2026-05-06 08:13:24.752,28492.5,28492.5,28482.5,28482.5,116
2026-05-06 08:13:32.876,28490,28490,28480,28480,294
2026-05-06 08:14:11.156,28487.5,28497.5,28479.25,28497.5,1119
2026-05-06 08:14:16.788,28490,28500,28490,28500,206
2026-05-06 08:14:16.792,28492.5,28502.5,28492.5,28502.5,55
2026-05-06 08:14:18.860,28495,28505,28495,28505,138
2026-05-06 08:14:18.860,28497.5,28507.5,28497.5,28507.5,42
2026-05-06 08:14:23.036,28500,28507.75,28490,28490,374
2026-05-06 08:14:23.060,28497.5,28497.5,28487.5,28487.5,35
2026-05-06 08:14:23.076,28495,28495,28485,28485,22
2026-05-06 08:14:23.116,28492.5,28492.5,28482.5,28482.5,31
2026-05-06 08:14:33.080,28490,28497,28480,28480,525
2026-05-06 08:14:33.092,28487.5,28487.5,28477.5,28477.5,37
2026-05-06 08:14:33.660,28485,28485,28475,28475,170
2026-05-06 08:14:33.676,28482.5,28482.5,28472.5,28472.5,23
2026-05-06 08:14:33.680,28480,28480,28470,28470,32
2026-05-06 08:14:33.692,28477.5,28477.5,28467.5,28467.5,35
2026-05-06 08:14:33.692,28475,28475,28465,28465,50
2026-05-06 08:14:33.692,28472.5,28472.5,28462.5,28462.5,32
2026-05-06 08:14:33.692,28470,28470,28460,28460,37
2026-05-06 08:14:35.440,28467.5,28476.5,28457.5,28457.5,329
2026-05-06 08:14:35.440,28465,28465,28455,28455,31
2026-05-06 08:14:35.440,28462.5,28462.5,28452.5,28452.5,24
2026-05-06 08:14:35.868,28460,28463.25,28450,28450,208
2026-05-06 08:14:35.868,28457.5,28457.5,28447.5,28447.5,21
2026-05-06 08:14:35.868,28455,28455,28445,28445,5
2026-05-06 08:14:35.868,28452.5,28452.5,28442.5,28442.5,21
2026-05-06 08:14:36.952,28450,28460,28441.75,28460,216
2026-05-06 08:14:37.288,28452.5,28462.5,28452.5,28462.5,24
2026-05-06 08:14:49.076,28455,28465,28446.25,28465,1300
2026-05-06 08:14:49.076,28457.5,28467.5,28457.5,28467.5,6
2026-05-06 08:14:49.076,28460,28470,28460,28470,8
2026-05-06 08:14:49.076,28462.5,28472.5,28462.5,28472.5,16
2026-05-06 08:14:49.076,28465,28475,28465,28475,21
2026-05-06 08:14:49.076,28467.5,28477.5,28467.5,28477.5,8
2026-05-06 08:14:49.076,28470,28480,28470,28480,22
2026-05-06 08:14:49.076,28472.5,28482.5,28472.5,28482.5,7
2026-05-06 08:14:49.076,28475,28485,28475,28485,16
2026-05-06 08:14:50.076,28477.5,28486.75,28467.5,28467.5,129
2026-05-06 08:14:50.224,28475,28475,28465,28465,10
2026-05-06 08:14:52.128,28472.5,28472.5,28462.5,28462.5,127
2026-05-06 08:14:52.136,28470,28470,28460,28460,17
2026-05-06 08:14:52.148,28467.5,28467.5,28457.5,28457.5,27
2026-05-06 08:14:52.352,28465,28465,28455,28455,65
2026-05-06 08:14:53.620,28462.5,28462.5,28452.5,28452.5,75
2026-05-06 08:14:53.628,28460,28460,28450,28450,19
2026-05-06 08:14:53.628,28457.5,28457.5,28447.5,28447.5,4
2026-05-06 08:15:05.152,28455,28465,28445.25,28465,704
2026-05-06 08:15:06.752,28457.5,28467.5,28457.5,28467.5,150
2026-05-06 08:15:07.788,28460,28470,28460,28470,79
2026-05-06 08:15:07.788,28462.5,28472.5,28462.5,28472.5,15
2026-05-06 08:15:07.788,28465,28475,28465,28475,7
2026-05-06 08:15:07.788,28467.5,28477.5,28467.5,28477.5,13
2026-05-06 08:15:07.788,28470,28480,28470,28480,16
2026-05-06 08:15:07.788,28472.5,28482.5,28472.5,28482.5,18
2026-05-06 08:15:07.788,28475,28485,28475,28485,7
2026-05-06 08:15:10.424,28477.5,28486,28467.5,28467.5,159
2026-05-06 08:15:10.444,28475,28475,28465,28465,12
2026-05-06 08:15:11.216,28472.5,28472.5,28462.5,28462.5,33
2026-05-06 08:15:11.408,28470,28470,28460,28460,12
2026-05-06 08:15:11.428,28467.5,28467.5,28457.5,28457.5,11
2026-05-06 08:15:11.440,28465,28465,28455,28455,52
2026-05-06 08:15:11.452,28462.5,28462.5,28452.5,28452.5,10
2026-05-06 08:15:11.536,28460,28460,28450,28450,38
2026-05-06 08:15:11.616,28457.5,28457.5,28447.5,28447.5,24
2026-05-06 08:15:11.692,28455,28455,28445,28445,17
2026-05-06 08:15:11.832,28452.5,28452.5,28442.5,28442.5,31
2026-05-06 08:15:11.928,28450,28450,28440,28440,84
2026-05-06 08:15:11.952,28447.5,28447.5,28437.5,28437.5,37
2026-05-06 08:15:11.976,28445,28445,28435,28435,44
2026-05-06 08:15:11.984,28442.5,28442.5,28432.5,28432.5,14
2026-05-06 08:15:15.020,28440,28450,28431,28450,492
2026-05-06 08:15:15.140,28442.5,28452.5,28442.5,28452.5,9
2026-05-06 08:15:20.160,28445,28454.25,28435,28435,240
2026-05-06 08:15:21.880,28442.5,28443,28432.5,28432.5,211
2026-05-06 08:15:22.352,28440,28440,28430,28430,100
2026-05-06 08:15:22.436,28437.5,28437.5,28427.5,28427.5,90
2026-05-06 08:15:23.604,28435,28445,28426,28445,278
2026-05-06 08:15:23.612,28437.5,28447.5,28437.5,28447.5,18
2026-05-06 08:15:23.644,28440,28450,28440,28450,11
2026-05-06 08:15:29.380,28442.5,28452.25,28432.5,28432.5,556
2026-05-06 08:15:32.952,28440,28450,28430.5,28450,265
2026-05-06 08:15:34.944,28442.5,28452.5,28442.5,28452.5,98
2026-05-06 08:15:35.568,28445,28455,28445,28455,33
2026-05-06 08:15:35.568,28447.5,28457.5,28447.5,28457.5,20
2026-05-06 08:15:35.568,28450,28460,28450,28460,20
2026-05-06 08:15:48.524,28452.5,28462.5,28450.25,28462.5,497
2026-05-06 08:15:49.232,28455,28465,28455,28465,53
2026-05-06 08:15:53.920,28457.5,28467.5,28457.5,28467.5,138
2026-05-06 08:15:56.356,28460,28470,28460,28470,100
2026-05-06 08:15:57.520,28462.5,28472.5,28462.5,28472.5,91
2026-05-06 08:17:32.492,28465,28473.5,28455,28455,2253
2026-05-06 08:17:33.112,28462.5,28462.5,28452.5,28452.5,46
2026-05-06 08:17:33.212,28460,28460,28450,28450,49
2026-05-06 08:17:58.924,28457.5,28467.5,28449.25,28467.5,450
2026-05-06 08:17:59.780,28460,28470,28460,28470,27
2026-05-06 08:18:40.544,28462.5,28472.5,28459.5,28472.5,699
2026-05-06 08:19:00.020,28465,28473.25,28455,28455,501
2026-05-06 08:19:00.276,28462.5,28462.5,28452.5,28452.5,41
2026-05-06 08:19:09.296,28460,28460,28450,28450,244
2026-05-06 08:19:09.520,28457.5,28457.5,28447.5,28447.5,36
2026-05-06 08:19:35.436,28455,28465,28445.75,28465,667
2026-05-06 08:19:37.216,28457.5,28467.5,28457.5,28467.5,62
2026-05-06 08:19:38.440,28460,28470,28460,28470,47
2026-05-06 08:19:39.116,28462.5,28472.5,28462.5,28472.5,35
2026-05-06 08:19:43.708,28465,28475,28465,28475,158
2026-05-06 08:19:43.936,28467.5,28477.5,28467.5,28477.5,28
2026-05-06 08:19:50.828,28470,28480,28470,28480,181
2026-05-06 08:20:03.988,28472.5,28482.5,28472.5,28482.5,490
2026-05-06 08:20:09.968,28475,28485,28475,28485,186
2026-05-06 08:20:19.548,28477.5,28487.5,28477.5,28487.5,260
2026-05-06 08:20:21.572,28480,28490,28480,28490,162
2026-05-06 08:20:25.328,28482.5,28492.5,28482.5,28492.5,214
2026-05-06 08:20:27.292,28485,28495,28485,28495,166
2026-05-06 08:21:08.240,28487.5,28497.5,28484.75,28497.5,1429
2026-05-06 08:21:26.088,28490,28500,28490,28500,456
2026-05-06 08:21:59.092,28492.5,28502.5,28492.5,28502.5,686
2026-05-06 08:22:36.524,28495,28505,28495,28505,803
2026-05-06 08:22:36.540,28497.5,28507.5,28497.5,28507.5,60
2026-05-06 08:22:36.548,28500,28510,28500,28510,76
2026-05-06 08:22:36.572,28502.5,28512.5,28502.5,28512.5,118
2026-05-06 08:23:32.968,28505,28512.75,28495,28495,1651
2026-05-06 08:23:33.072,28502.5,28502.5,28492.5,28492.5,34
2026-05-06 08:23:33.092,28500,28500,28490,28490,53
2026-05-06 08:25:41.036,28497.5,28507.5,28488.25,28507.5,1801
2026-05-06 08:28:03.404,28500,28507.75,28490,28490,2045
2026-05-06 08:32:44.508,28497.5,28504.75,28487.5,28487.5,3872
2026-05-06 08:32:48.916,28495,28495,28485,28485,157
2026-05-06 08:32:49.296,28492.5,28492.5,28482.5,28482.5,118
2026-05-06 08:32:49.300,28490,28490,28480,28480,122
2026-05-06 08:33:10.812,28487.5,28487.5,28477.5,28477.5,792
2026-05-06 08:33:11.952,28485,28485,28475,28475,80
2026-05-06 08:33:22.048,28482.5,28482.5,28472.5,28472.5,373
2026-05-06 08:33:23.232,28480,28480,28470,28470,219
2026-05-06 08:33:43.456,28477.5,28477.5,28467.5,28467.5,615
2026-05-06 08:35:28.380,28475,28479,28465,28465,1871
2026-05-06 08:37:17.956,28472.5,28480.5,28462.5,28462.5,2082
2026-05-06 08:37:18.044,28470,28470,28460,28460,55
2026-05-06 08:38:58.536,28467.5,28467.5,28457.5,28457.5,1731
2026-05-06 08:41:14.696,28465,28471.5,28455,28455,2387
2026-05-06 08:41:40.520,28462.5,28462.5,28452.5,28452.5,406
2026-05-06 08:41:59.384,28460,28460,28450,28450,403
2026-05-06 08:43:49.628,28457.5,28463.5,28447.5,28447.5,2080
2026-05-06 08:44:40.244,28455,28455,28445,28445,869
2026-05-06 08:44:40.696,28452.5,28452.5,28442.5,28442.5,73
2026-05-06 08:46:28.572,28450,28460,28441.75,28460,2440
2026-05-06 08:47:09.456,28452.5,28462.5,28452.5,28462.5,647
2026-05-06 08:47:14.896,28455,28465,28455,28465,172
2026-05-06 08:47:31.760,28457.5,28467.5,28457.5,28467.5,751
2026-05-06 08:47:47.120,28460,28470,28460,28470,392
2026-05-06 08:48:00.124,28462.5,28472.5,28462.5,28472.5,321
2026-05-06 08:48:39.044,28465,28473.5,28455,28455,1100
2026-05-06 08:48:45.788,28462.5,28462.5,28452.5,28452.5,120
2026-05-06 08:48:48.020,28460,28460,28450,28450,105
2026-05-06 08:48:48.588,28457.5,28457.5,28447.5,28447.5,101
2026-05-06 08:49:15.212,28455,28455,28445,28445,666
2026-05-06 08:52:59.056,28452.5,28462.5,28442.75,28462.5,4185
2026-05-06 08:54:21.904,28455,28464,28445,28445,1251
2026-05-06 08:54:34.096,28452.5,28452.5,28442.5,28442.5,234
2026-05-06 08:54:35.032,28450,28450,28440,28440,145
2026-05-06 08:54:37.180,28447.5,28447.5,28437.5,28437.5,234
2026-05-06 08:54:41.664,28445,28445,28435,28435,256
2026-05-06 08:55:01.480,28442.5,28442.5,28432.5,28432.5,607
2026-05-06 08:56:48.868,28440,28450,28432,28450,2198
2026-05-06 08:57:29.000,28442.5,28452.5,28442.5,28452.5,605
2026-05-06 08:57:32.152,28445,28455,28445,28455,134
2026-05-06 08:58:20.880,28447.5,28457.5,28447,28457.5,861
2026-05-06 08:58:24.000,28450,28460,28450,28460,128
2026-05-06 08:58:38.892,28452.5,28462.5,28452.5,28462.5,371
2026-05-06 08:58:44.544,28455,28465,28455,28465,249
2026-05-06 09:00:05.620,28457.5,28466.25,28447.5,28447.5,1875
2026-05-06 09:00:07.676,28455,28455,28445,28445,116
2026-05-06 09:00:09.608,28452.5,28452.5,28442.5,28442.5,114
2026-05-06 09:00:10.676,28450,28450,28440,28440,206
2026-05-06 09:00:17.408,28447.5,28447.5,28437.5,28437.5,285
2026-05-06 09:00:24.684,28445,28445,28435,28435,305
2026-05-06 09:00:34.400,28442.5,28442.5,28432.5,28432.5,280
2026-05-06 09:00:41.672,28440,28440,28430,28430,322
2026-05-06 09:01:51.492,28437.5,28447.5,28428.25,28447.5,2080
2026-05-06 09:03:30.412,28440,28450,28439.25,28450,1717
2026-05-06 09:03:56.300,28442.5,28452.5,28442.5,28452.5,369
2026-05-06 09:04:03.344,28445,28455,28445,28455,175
2026-05-06 09:04:51.976,28447.5,28455.5,28437.5,28437.5,1270
2026-05-06 09:04:52.160,28445,28445,28435,28435,216
2026-05-06 09:04:52.228,28442.5,28442.5,28432.5,28432.5,79
2026-05-06 09:04:52.252,28440,28440,28430,28430,42
2026-05-06 09:04:52.268,28437.5,28437.5,28427.5,28427.5,52
2026-05-06 09:04:52.288,28435,28435,28425,28425,128
2026-05-06 09:04:52.288,28432.5,28432.5,28422.5,28422.5,31
2026-05-06 09:04:55.848,28430,28440,28420,28440,1829
2026-05-06 09:04:57.848,28432.5,28442.5,28432.5,28442.5,127
2026-05-06 09:06:11.592,28435,28442.75,28425,28425,3613
2026-05-06 09:06:23.016,28432.5,28432.5,28422.5,28422.5,732
2026-05-06 09:06:29.776,28430,28430,28420,28420,450
2026-05-06 09:06:41.548,28427.5,28427.5,28417.5,28417.5,804
2026-05-06 09:07:11.252,28425,28425.5,28415,28415,1463
2026-05-06 09:07:11.256,28422.5,28422.5,28412.5,28412.5,181
2026-05-06 09:07:11.256,28420,28420,28410,28410,158
2026-05-06 09:07:13.292,28417.5,28417.5,28407.5,28407.5,368
2026-05-06 09:07:13.292,28415,28415,28405,28405,130
2026-05-06 09:07:13.292,28412.5,28412.5,28402.5,28402.5,106
2026-05-06 09:07:13.296,28410,28410,28400,28400,217
2026-05-06 09:07:31.520,28407.5,28417.5,28399.25,28417.5,1252
2026-05-06 09:07:39.076,28410,28420,28410,28420,189
2026-05-06 09:07:40.116,28412.5,28422.5,28412.5,28422.5,60
2026-05-06 09:08:01.308,28415,28423,28405,28405,1208
2026-05-06 09:08:01.444,28412.5,28412.5,28402.5,28402.5,39
2026-05-06 09:08:02.100,28410,28410,28400,28400,181
2026-05-06 09:08:28.088,28407.5,28409.75,28397.5,28397.5,1513
2026-05-06 09:08:28.880,28405,28405,28395,28395,131
2026-05-06 09:08:40.336,28402.5,28402.5,28392.5,28392.5,758
2026-05-06 09:10:09.704,28400,28410,28391.75,28410,3502
2026-05-06 09:10:09.848,28402.5,28412.5,28402.5,28412.5,99
2026-05-06 09:10:48.988,28405,28415,28404,28415,1202
2026-05-06 09:10:56.080,28407.5,28417.5,28407.5,28417.5,319
2026-05-06 09:10:59.648,28410,28420,28410,28420,238
2026-05-06 09:11:36.176,28412.5,28422.5,28412,28422.5,1348
2026-05-06 09:11:38.392,28415,28425,28415,28425,191
2026-05-06 09:11:39.372,28417.5,28427.5,28417.5,28427.5,76
2026-05-06 09:15:30.620,28420,28430,28410,28430,5723
2026-05-06 09:15:35.596,28422.5,28432.5,28422.5,28432.5,277
2026-05-06 09:15:55.528,28425,28435,28425,28435,687
2026-05-06 09:18:10.224,28427.5,28436.75,28417.5,28417.5,3522
2026-05-06 09:18:16.196,28425,28425,28415,28415,206
2026-05-06 09:18:16.760,28422.5,28422.5,28412.5,28412.5,103
2026-05-06 09:18:24.712,28420,28420,28410,28410,314
2026-05-06 09:18:28.120,28417.5,28417.5,28407.5,28407.5,174
2026-05-06 09:18:46.456,28415,28415,28405,28405,537
2026-05-06 09:18:59.924,28412.5,28412.5,28402.5,28402.5,486
2026-05-06 09:19:00.740,28410,28410,28400,28400,170
2026-05-06 09:19:00.828,28407.5,28407.5,28397.5,28397.5,123
2026-05-06 09:20:12.308,28405,28408,28395,28395,2529
2026-05-06 09:20:12.856,28402.5,28402.5,28392.5,28392.5,82
2026-05-06 09:20:12.988,28400,28400,28390,28390,165
2026-05-06 09:20:12.988,28397.5,28397.5,28387.5,28387.5,93
2026-05-06 09:20:21.072,28395,28395,28385,28385,783
2026-05-06 09:21:41.204,28392.5,28402.5,28382.75,28402.5,2628
2026-05-06 09:21:52.300,28395,28405,28395,28405,470
2026-05-06 09:23:18.300,28397.5,28407.5,28394,28407.5,1670
2026-05-06 09:24:01.200,28400,28410,28400,28410,784
2026-05-06 09:24:23.696,28402.5,28411.5,28392.5,28392.5,619
2026-05-06 09:24:24.684,28400,28400,28390,28390,141
2026-05-06 09:24:25.340,28397.5,28397.5,28387.5,28387.5,94
2026-05-06 09:24:25.644,28395,28395,28385,28385,60
2026-05-06 09:24:26.236,28392.5,28392.5,28382.5,28382.5,105
2026-05-06 09:24:31.788,28390,28390,28380,28380,484
2026-05-06 09:24:35.800,28387.5,28387.5,28377.5,28377.5,333
2026-05-06 09:25:10.864,28385,28395,28376,28395,2114
2026-05-06 09:25:26.800,28387.5,28397.5,28387.5,28397.5,474
2026-05-06 09:25:27.432,28390,28400,28390,28400,65
2026-05-06 09:25:41.416,28392.5,28402.5,28392.5,28402.5,327
2026-05-06 09:27:50.020,28395,28404.75,28385,28385,3427
2026-05-06 09:28:00.016,28392.5,28392.5,28382.5,28382.5,578
2026-05-06 09:28:00.036,28390,28390,28380,28380,119
2026-05-06 09:28:00.048,28387.5,28387.5,28377.5,28377.5,56
2026-05-06 09:28:00.152,28385,28385,28375,28375,293
2026-05-06 09:28:00.180,28382.5,28382.5,28372.5,28372.5,74
2026-05-06 09:28:31.036,28380,28390,28372,28390,1396
2026-05-06 09:29:37.040,28382.5,28392.5,28380.5,28392.5,1654
2026-05-06 09:29:42.752,28385,28395,28385,28395,242
2026-05-06 09:30:00.308,28387.5,28396,28377.5,28377.5,1847
2026-05-06 09:30:00.960,28385,28385,28375,28375,277
2026-05-06 09:30:01.044,28382.5,28382.5,28372.5,28372.5,71
2026-05-06 09:30:01.044,28380,28380,28370,28370,139
2026-05-06 09:30:01.580,28377.5,28377.5,28367.5,28367.5,627
2026-05-06 09:30:01.616,28375,28375,28365,28365,124
2026-05-06 09:30:01.644,28372.5,28372.5,28362.5,28362.5,110
2026-05-06 09:30:01.648,28370,28370,28360,28360,156
2026-05-06 09:30:01.816,28367.5,28367.5,28357.5,28357.5,367
2026-05-06 09:30:02.056,28365,28365,28355,28355,235
2026-05-06 09:30:03.468,28362.5,28372.5,28354,28372.5,763
2026-05-06 09:30:04.476,28365,28375,28364.25,28375,530
2026-05-06 09:30:04.476,28367.5,28377.5,28367.5,28377.5,54
2026-05-06 09:30:10.012,28370,28377.75,28360,28360,1484
2026-05-06 09:30:11.008,28367.5,28367.5,28357.5,28357.5,267
2026-05-06 09:30:11.072,28365,28365,28355,28355,35
2026-05-06 09:30:11.136,28362.5,28362.5,28352.5,28352.5,91
2026-05-06 09:30:12.348,28360,28360,28350,28350,448
2026-05-06 09:30:12.508,28357.5,28357.5,28347.5,28347.5,130
2026-05-06 09:30:32.780,28355,28364.5,28345,28345,4158
2026-05-06 09:30:38.120,28352.5,28354.75,28342.5,28342.5,903
2026-05-06 09:30:47.428,28350,28354.25,28340,28340,1593
2026-05-06 09:30:47.828,28347.5,28347.5,28337.5,28337.5,211
2026-05-06 09:31:00.712,28345,28355,28336.5,28355,1675
2026-05-06 09:31:01.892,28347.5,28357.5,28347.5,28357.5,269
2026-05-06 09:31:06.180,28350,28360,28345,28360,832
2026-05-06 09:31:09.200,28352.5,28362.5,28352.5,28362.5,676
2026-05-06 09:31:09.320,28355,28365,28355,28365,83
2026-05-06 09:31:09.708,28357.5,28367.5,28357.5,28367.5,133
2026-05-06 09:31:09.948,28360,28370,28360,28370,87
2026-05-06 09:31:10.656,28362.5,28372.5,28362.5,28372.5,188
2026-05-06 09:31:10.896,28365,28375,28365,28375,110
2026-05-06 09:31:11.820,28367.5,28377.5,28367.5,28377.5,206
2026-05-06 09:31:12.424,28370,28380,28370,28380,194
2026-05-06 09:31:12.424,28372.5,28382.5,28372.5,28382.5,78
2026-05-06 09:31:12.768,28375,28385,28375,28385,93
2026-05-06 09:31:15.076,28377.5,28387.5,28377.5,28387.5,531
2026-05-06 09:31:15.188,28380,28390,28380,28390,121
2026-05-06 09:31:15.188,28382.5,28392.5,28382.5,28392.5,100
2026-05-06 09:31:20.856,28385,28393,28375,28375,1332
2026-05-06 09:31:21.688,28382.5,28382.5,28372.5,28372.5,176
2026-05-06 09:31:21.808,28380,28380,28370,28370,84
2026-05-06 09:31:21.808,28377.5,28377.5,28367.5,28367.5,92
2026-05-06 09:31:37.740,28375,28383.25,28365,28365,1978
2026-05-06 09:31:50.300,28372.5,28382.5,28363.25,28382.5,1089
2026-05-06 09:31:50.608,28375,28385,28375,28385,124
2026-05-06 09:31:59.552,28377.5,28387.5,28373,28387.5,911
2026-05-06 09:32:14.408,28380,28390,28371,28390,1658
2026-05-06 09:32:14.480,28382.5,28392.5,28382.5,28392.5,51
2026-05-06 09:32:17.880,28385,28393,28375,28375,626
2026-05-06 09:32:21.776,28382.5,28382.5,28372.5,28372.5,272
2026-05-06 09:32:21.968,28380,28380,28370,28370,97
2026-05-06 09:32:30.164,28377.5,28387.5,28369.25,28387.5,663
2026-05-06 09:32:30.900,28380,28390,28380,28390,67
2026-05-06 09:32:31.116,28382.5,28392.5,28382.5,28392.5,110
2026-05-06 09:32:32.008,28385,28395,28385,28395,187
2026-05-06 09:32:32.304,28387.5,28397.5,28387.5,28397.5,112
2026-05-06 09:32:33.900,28390,28400,28390,28400,361
2026-05-06 09:32:46.200,28392.5,28402.5,28391.5,28402.5,1623
2026-05-06 09:32:46.704,28395,28405,28395,28405,145
2026-05-06 09:32:48.580,28397.5,28407.5,28397.5,28407.5,467
2026-05-06 09:32:52.880,28400,28410,28400,28410,676
2026-05-06 09:32:53.824,28402.5,28412.5,28402.5,28412.5,320
2026-05-06 09:32:53.932,28405,28415,28405,28415,144
2026-05-06 09:32:54.380,28407.5,28417.5,28407.5,28417.5,137
2026-05-06 09:32:56.364,28410,28420,28410,28420,660
2026-05-06 09:33:09.904,28412.5,28422.5,28408,28422.5,2947
2026-05-06 09:33:11.672,28415,28425,28415,28425,543
2026-05-06 09:34:01.524,28417.5,28426.5,28407.5,28407.5,7066
2026-05-06 09:34:03.668,28415,28415,28405,28405,564
2026-05-06 09:34:04.116,28412.5,28412.5,28402.5,28402.5,156
2026-05-06 09:34:08.900,28410,28420,28400.75,28420,1074
2026-05-06 09:34:09.348,28412.5,28422.5,28412.5,28422.5,143
2026-05-06 09:34:15.984,28415,28425,28415,28425,837
2026-05-06 09:34:28.396,28417.5,28427.5,28417.5,28427.5,1441
2026-05-06 09:34:28.552,28420,28430,28420,28430,138
2026-05-06 09:34:38.900,28422.5,28432.5,28420.5,28432.5,1227
2026-05-06 09:34:39.892,28425,28435,28425,28435,197
2026-05-06 09:34:45.296,28427.5,28437.5,28427.5,28437.5,851
2026-05-06 09:34:47.628,28430,28440,28430,28440,409
2026-05-06 09:34:50.488,28432.5,28442.5,28432.5,28442.5,430
2026-05-06 09:34:51.232,28435,28445,28435,28445,194
2026-05-06 09:35:01.164,28437.5,28447.5,28437.5,28447.5,1929
2026-05-06 09:35:27.568,28440,28450,28434.75,28450,5137
2026-05-06 09:35:28.184,28442.5,28452.5,28442.5,28452.5,179
2026-05-06 09:35:29.088,28445,28455,28445,28455,300
2026-05-06 09:35:30.324,28447.5,28457.5,28447.5,28457.5,407
2026-05-06 09:35:42.788,28450,28458,28440,28440,1953
2026-05-06 09:35:50.064,28447.5,28447.5,28437.5,28437.5,818
2026-05-06 09:35:50.728,28445,28445,28435,28435,126
2026-05-06 09:35:50.744,28442.5,28442.5,28432.5,28432.5,93
2026-05-06 09:35:53.936,28440,28440,28430,28430,613
2026-05-06 09:35:54.620,28437.5,28437.5,28427.5,28427.5,193
2026-05-06 09:36:09.924,28435,28445,28426.25,28445,2534
2026-05-06 09:36:14.856,28437.5,28447.5,28437.5,28447.5,742
2026-05-06 09:36:15.236,28440,28450,28440,28450,65
2026-05-06 09:36:37.256,28442.5,28452,28432.5,28432.5,2191
2026-05-06 09:37:11.456,28440,28450,28430.75,28450,3296
2026-05-06 09:37:21.684,28442.5,28450.75,28432.5,28432.5,1393
2026-05-06 09:37:26.248,28440,28440,28430,28430,504
2026-05-06 09:37:27.228,28437.5,28437.5,28427.5,28427.5,166
2026-05-06 09:37:27.708,28435,28435,28425,28425,157
2026-05-06 09:37:32.088,28432.5,28432.5,28422.5,28422.5,743
2026-05-06 09:37:42.372,28430,28430.5,28420,28420,1184
2026-05-06 09:37:45.176,28427.5,28427.5,28417.5,28417.5,485
2026-05-06 09:37:45.268,28425,28425,28415,28415,150
2026-05-06 09:37:45.360,28422.5,28422.5,28412.5,28412.5,124
2026-05-06 09:37:45.796,28420,28420,28410,28410,211
2026-05-06 09:37:45.796,28417.5,28417.5,28407.5,28407.5,96
2026-05-06 09:37:45.800,28415,28415,28405,28405,113
2026-05-06 09:38:16.500,28412.5,28422.5,28404.75,28422.5,4420
2026-05-06 09:38:16.644,28415,28425,28415,28425,118
2026-05-06 09:38:30.412,28417.5,28425.5,28407.5,28407.5,1535
2026-05-06 09:38:30.612,28415,28415,28405,28405,130
2026-05-06 09:38:31.092,28412.5,28412.5,28402.5,28402.5,206
2026-05-06 09:38:31.092,28410,28410,28400,28400,183
2026-05-06 09:38:31.100,28407.5,28407.5,28397.5,28397.5,158
2026-05-06 09:38:44.060,28405,28415,28396.25,28415,2090
2026-05-06 09:38:49.016,28407.5,28417.5,28407.5,28417.5,543
2026-05-06 09:39:00.160,28410,28420,28408.25,28420,1010
2026-05-06 09:39:04.796,28412.5,28422.5,28412.5,28422.5,432
2026-05-06 09:39:24.100,28415,28425,28406.75,28425,1935
2026-05-06 09:39:25.920,28417.5,28427.5,28417.5,28427.5,302
2026-05-06 09:39:26.336,28420,28430,28420,28430,122
2026-05-06 09:39:29.080,28422.5,28432.5,28422.5,28432.5,450
2026-05-06 09:40:12.344,28425,28435,28422.25,28435,4190
2026-05-06 09:40:13.980,28427.5,28437.5,28427.5,28437.5,183
2026-05-06 09:40:20.676,28430,28440,28430,28440,840
2026-05-06 09:40:20.840,28432.5,28442.5,28432.5,28442.5,100
2026-05-06 09:40:29.204,28435,28445,28435,28445,900
2026-05-06 09:40:34.180,28437.5,28447.5,28437.5,28447.5,571
2026-05-06 09:41:08.428,28440,28450,28435.5,28450,3255
2026-05-06 09:41:08.520,28442.5,28452.5,28442.5,28452.5,107
2026-05-06 09:41:09.804,28445,28455,28445,28455,305
2026-05-06 09:41:10.576,28447.5,28457.5,28447.5,28457.5,250
2026-05-06 09:41:26.360,28450,28458.75,28440,28440,2676
2026-05-06 09:42:04.680,28447.5,28455.25,28437.5,28437.5,3418
2026-05-06 09:42:13.796,28445,28455,28435.5,28455,757
2026-05-06 09:42:42.592,28447.5,28456.5,28437.5,28437.5,2013
2026-05-06 09:42:43.176,28445,28445,28435,28435,104
2026-05-06 09:43:01.144,28442.5,28447,28432.5,28432.5,1603
2026-05-06 09:43:40.128,28440,28450,28431.25,28450,2617
2026-05-06 09:43:41.152,28442.5,28452.5,28442.5,28452.5,144
2026-05-06 09:43:41.832,28445,28455,28445,28455,154
2026-05-06 09:43:42.304,28447.5,28457.5,28447.5,28457.5,133
2026-05-06 09:43:42.320,28450,28460,28450,28460,180
2026-05-06 09:43:42.328,28452.5,28462.5,28452.5,28462.5,183
2026-05-06 09:43:42.328,28455,28465,28455,28465,181
2026-05-06 09:43:54.344,28457.5,28467.5,28457.5,28467.5,2222
2026-05-06 09:43:57.276,28460,28470,28460,28470,574
2026-05-06 09:43:57.524,28462.5,28472.5,28462.5,28472.5,118
2026-05-06 09:43:58.396,28465,28475,28465,28475,216
2026-05-06 09:44:01.828,28467.5,28477.5,28467.5,28477.5,841
2026-05-06 09:44:18.504,28470,28477.75,28460,28460,2502
2026-05-06 09:44:37.040,28467.5,28477.5,28459,28477.5,2015
2026-05-06 09:44:50.504,28470,28480,28470,28480,1465
2026-05-06 09:44:58.240,28472.5,28482.5,28472.5,28482.5,1232
2026-05-06 09:45:00.368,28475,28485,28475,28485,491
2026-05-06 09:45:00.368,28477.5,28487.5,28477.5,28487.5,180
2026-05-06 09:45:00.368,28480,28490,28480,28490,236
2026-05-06 09:45:00.404,28482.5,28492.5,28482.5,28492.5,616
2026-05-06 09:45:09.788,28485,28495,28479.5,28495,2955
2026-05-06 09:45:26.112,28487.5,28497.5,28485.5,28497.5,3018
2026-05-06 09:45:26.996,28490,28500,28490,28500,353
2026-05-06 09:45:39.952,28492.5,28500.75,28482.5,28482.5,1683
2026-05-06 09:45:41.244,28490,28490,28480,28480,245
2026-05-06 09:45:45.420,28487.5,28487.5,28477.5,28477.5,614
2026-05-06 09:45:47.088,28485,28485,28475,28475,273
2026-05-06 09:45:56.396,28482.5,28483.25,28472.5,28472.5,1081
2026-05-06 09:45:57.044,28480,28480,28470,28470,182
2026-05-06 09:46:22.660,28477.5,28484,28467.5,28467.5,3043
2026-05-06 09:46:50.792,28475,28478,28465,28465,2432
2026-05-06 09:47:12.204,28472.5,28472.5,28462.5,28462.5,2618
2026-05-06 09:47:14.356,28470,28470,28460,28460,380
2026-05-06 09:47:47.992,28467.5,28475.25,28457.5,28457.5,3094
2026-05-06 09:47:49.028,28465,28465,28455,28455,259
2026-05-06 09:47:57.836,28462.5,28472.5,28454.5,28472.5,1261
2026-05-06 09:48:05.428,28465,28475,28465,28475,680
2026-05-06 09:48:06.936,28467.5,28477.5,28467.5,28477.5,286
2026-05-06 09:48:10.428,28470,28480,28470,28480,534
2026-05-06 09:48:16.292,28472.5,28482.5,28472.5,28482.5,562
2026-05-06 09:48:16.524,28475,28485,28475,28485,114
2026-05-06 09:48:16.700,28477.5,28487.5,28477.5,28487.5,71
2026-05-06 09:48:17.556,28480,28490,28480,28490,241
2026-05-06 09:48:18.180,28482.5,28492.5,28482.5,28492.5,164
2026-05-06 09:48:32.612,28485,28494,28475,28475,1863
2026-05-06 09:48:33.084,28482.5,28482.5,28472.5,28472.5,84
2026-05-06 09:48:33.308,28480,28480,28470,28470,108
2026-05-06 09:48:47.868,28477.5,28477.5,28467.5,28467.5,1209
2026-05-06 09:48:48.740,28475,28475,28465,28465,141
2026-05-06 09:48:49.528,28472.5,28472.5,28462.5,28462.5,105
2026-05-06 09:48:50.408,28470,28470,28460,28460,214
2026-05-06 09:49:26.536,28467.5,28474.75,28457.5,28457.5,3175
2026-05-06 09:50:17.908,28465,28471.5,28455,28455,3793
2026-05-06 09:50:29.360,28462.5,28462.5,28452.5,28452.5,1353
2026-05-06 09:50:30.088,28460,28460,28450,28450,319
2026-05-06 09:50:30.104,28457.5,28457.5,28447.5,28447.5,174
2026-05-06 09:50:50.928,28455,28463.5,28445,28445,3360
2026-05-06 09:50:50.928,28452.5,28452.5,28442.5,28442.5,153
2026-05-06 09:50:50.936,28450,28450,28440,28440,158
2026-05-06 09:50:50.984,28447.5,28447.5,28437.5,28437.5,131
2026-05-06 09:50:51.092,28445,28453.5,28435,28435,232
2026-05-06 09:50:51.140,28442.5,28442.5,28432.5,28432.5,161
2026-05-06 09:50:51.140,28440,28440,28430,28430,116
2026-05-06 09:50:51.140,28437.5,28437.5,28427.5,28427.5,77
2026-05-06 09:50:51.140,28435,28435,28425,28425,102
2026-05-06 09:50:51.140,28432.5,28432.5,28422.5,28422.5,78
2026-05-06 09:50:51.140,28430,28430,28420,28420,132
2026-05-06 09:50:51.140,28427.5,28427.5,28417.5,28417.5,98
2026-05-06 09:50:51.140,28425,28425,28415,28415,69
2026-05-06 09:50:51.140,28422.5,28422.5,28412.5,28412.5,65
2026-05-06 09:50:51.140,28420,28420,28410,28410,98
2026-05-06 09:50:51.140,28417.5,28417.5,28407.5,28407.5,91
2026-05-06 09:50:55.936,28415,28425,28406,28425,477
2026-05-06 09:50:55.944,28417.5,28427.5,28417.5,28427.5,124
2026-05-06 09:50:55.948,28420,28430,28420,28430,59
2026-05-06 09:50:55.960,28422.5,28432.5,28422.5,28432.5,65
2026-05-06 09:50:55.980,28425,28435,28425,28435,153
2026-05-06 09:50:56.000,28427.5,28437.5,28427.5,28437.5,128
2026-05-06 09:51:01.004,28430,28439.5,28420,28420,1417
2026-05-06 09:51:01.004,28427.5,28427.5,28417.5,28417.5,80
2026-05-06 09:51:01.140,28425,28425,28415,28415,274
2026-05-06 09:51:01.236,28422.5,28422.5,28412.5,28412.5,227
2026-05-06 09:51:04.060,28420,28430,28412,28430,666
2026-05-06 09:51:04.236,28422.5,28432.5,28422.5,28432.5,49
2026-05-06 09:51:04.264,28425,28435,28425,28435,47
2026-05-06 09:51:06.056,28427.5,28437.5,28427.5,28437.5,408
2026-05-06 09:51:07.996,28430,28440,28430,28440,380
2026-05-06 09:51:09.276,28432.5,28442.5,28432.5,28442.5,228
2026-05-06 09:51:10.464,28435,28445,28435,28445,187
2026-05-06 09:51:10.520,28437.5,28447.5,28437.5,28447.5,60
2026-05-06 09:51:10.568,28440,28450,28440,28450,36
2026-05-06 09:51:14.484,28442.5,28452.5,28442.5,28452.5,718
2026-05-06 09:51:14.784,28445,28455,28445,28455,66
2026-05-06 09:51:16.056,28447.5,28457.5,28447.5,28457.5,363
2026-05-06 09:52:00.640,28450,28460,28446.25,28460,4132
2026-05-06 09:52:05.396,28452.5,28462.5,28452.5,28462.5,496
2026-05-06 09:52:07.332,28455,28465,28455,28465,422
2026-05-06 09:52:08.256,28457.5,28467.5,28457.5,28467.5,210
2026-05-06 09:52:09.084,28460,28470,28460,28470,222
2026-05-06 09:52:15.336,28462.5,28472.5,28462.5,28472.5,959
2026-05-06 09:52:17.112,28465,28475,28465,28475,345
2026-05-06 09:52:18.524,28467.5,28477.5,28467.5,28477.5,238
2026-05-06 09:53:38.716,28470,28479.25,28460,28460,6293
2026-05-06 09:54:02.452,28467.5,28477.5,28457.5,28477.5,1557
2026-05-06 09:54:03.580,28470,28480,28470,28480,366
2026-05-06 09:54:07.732,28472.5,28482.5,28472.5,28482.5,626
2026-05-06 09:54:17.164,28475,28485,28475,28485,1077
2026-05-06 09:54:17.164,28477.5,28487.5,28477.5,28487.5,158
2026-05-06 09:54:17.164,28480,28490,28480,28490,191
2026-05-06 09:54:17.176,28482.5,28492.5,28482.5,28492.5,216
2026-05-06 09:54:17.208,28485,28495,28484.75,28495,307
2026-05-06 09:54:17.208,28487.5,28497.5,28487.5,28497.5,122
2026-05-06 09:54:47.092,28490,28500,28484.25,28500,3693
2026-05-06 09:54:48.168,28492.5,28502.5,28492.5,28502.5,480
2026-05-06 09:55:46.476,28495,28505,28490.75,28505,6094
2026-05-06 09:56:02.760,28497.5,28506,28487.5,28487.5,1960
2026-05-06 09:56:06.804,28495,28495,28485,28485,633
2026-05-06 09:56:08.180,28492.5,28492.5,28482.5,28482.5,295
2026-05-06 09:56:08.364,28490,28490,28480,28480,205
2026-05-06 09:56:19.644,28487.5,28487.5,28477.5,28477.5,1240
2026-05-06 09:56:19.748,28485,28485,28475,28475,126
2026-05-06 09:56:21.440,28482.5,28482.5,28472.5,28472.5,275
2026-05-06 09:56:21.824,28480,28480,28470,28470,204
2026-05-06 09:56:33.320,28477.5,28477.5,28467.5,28467.5,1302
2026-05-06 09:56:33.920,28475,28475,28465,28465,180
2026-05-06 09:57:12.348,28472.5,28482.5,28463.5,28482.5,2966
2026-05-06 09:57:13.404,28475,28485,28475,28485,165
2026-05-06 09:59:08.932,28477.5,28487.5,28469.25,28487.5,6865
2026-05-06 09:59:47.640,28480,28487.75,28470,28470,1787
2026-05-06 09:59:48.120,28477.5,28477.5,28467.5,28467.5,154
2026-05-06 10:00:37.212,28475,28479.75,28465,28465,4051
2026-05-06 10:01:00.548,28472.5,28482.5,28462.5,28462.5,1962
2026-05-06 10:01:00.592,28470,28470,28460,28460,208
2026-05-06 10:01:01.140,28467.5,28467.5,28457.5,28457.5,291
2026-05-06 10:01:01.140,28465,28465,28455,28455,143
2026-05-06 10:01:01.140,28462.5,28462.5,28452.5,28452.5,117
2026-05-06 10:01:01.144,28460,28460,28450,28450,182
2026-05-06 10:01:19.820,28457.5,28467.5,28448,28467.5,2436
2026-05-06 10:01:22.288,28460,28470,28460,28470,266
2026-05-06 10:01:23.548,28462.5,28472.5,28462.5,28472.5,157
2026-05-06 10:01:26.492,28465,28475,28465,28475,358
2026-05-06 10:02:00.396,28467.5,28477,28457.5,28457.5,2212
2026-05-06 10:02:03.072,28465,28465,28455,28455,286
2026-05-06 10:02:05.772,28462.5,28462.5,28452.5,28452.5,409
2026-05-06 10:02:18.604,28460,28460,28450,28450,1228
2026-05-06 10:02:25.504,28457.5,28457.5,28447.5,28447.5,698
2026-05-06 10:02:27.856,28455,28455,28445,28445,407
2026-05-06 10:02:27.856,28452.5,28452.5,28442.5,28442.5,137
2026-05-06 10:02:51.732,28450,28458.75,28440,28440,2384
2026-05-06 10:02:51.768,28447.5,28447.5,28437.5,28437.5,129
2026-05-06 10:02:56.928,28445,28445,28435,28435,991
2026-05-06 10:03:01.048,28442.5,28442.5,28432.5,28432.5,680
2026-05-06 10:04:05.836,28440,28446,28430,28430,5633
2026-05-06 10:04:05.844,28437.5,28437.5,28427.5,28427.5,159
2026-05-06 10:04:45.588,28435,28441.25,28425,28425,3992
2026-05-06 10:04:47.552,28432.5,28432.5,28422.5,28422.5,403
2026-05-06 10:04:48.684,28430,28430,28420,28420,315
2026-05-06 10:04:48.692,28427.5,28427.5,28417.5,28417.5,181
2026-05-06 10:04:49.800,28425,28425,28415,28415,345
2026-05-06 10:05:18.008,28422.5,28432.5,28413.25,28432.5,4110
2026-05-06 10:05:44.144,28425,28435,28424,28435,2143
2026-05-06 10:06:03.768,28427.5,28437.5,28427.5,28437.5,1317
2026-05-06 10:06:03.952,28430,28440,28430,28440,155
2026-05-06 10:06:03.952,28432.5,28442.5,28432.5,28442.5,147
2026-05-06 10:06:07.148,28435,28444.25,28425,28425,876
2026-05-06 10:06:09.008,28432.5,28432.5,28422.5,28422.5,292
2026-05-06 10:06:15.500,28430,28430,28420,28420,865
2026-05-06 10:06:16.088,28427.5,28427.5,28417.5,28417.5,174
2026-05-06 10:06:23.936,28425,28425,28415,28415,1314
2026-05-06 10:06:23.960,28422.5,28422.5,28412.5,28412.5,92
2026-05-06 10:06:23.960,28420,28420,28410,28410,204
2026-05-06 10:06:23.968,28417.5,28417.5,28407.5,28407.5,165
2026-05-06 10:06:23.972,28415,28415,28405,28405,229
2026-05-06 10:06:23.972,28412.5,28412.5,28402.5,28402.5,153
2026-05-06 10:06:23.976,28410,28410,28400,28400,334
2026-05-06 10:06:23.976,28407.5,28407.5,28397.5,28397.5,129
2026-05-06 10:06:23.976,28405,28405,28395,28395,185
2026-05-06 10:06:23.976,28402.5,28402.5,28392.5,28392.5,124
2026-05-06 10:06:23.976,28400,28400,28390,28390,147
2026-05-06 10:06:23.976,28397.5,28397.5,28387.5,28387.5,127
2026-05-06 10:06:23.976,28395,28395,28385,28385,104
2026-05-06 10:06:29.108,28392.5,28402.5,28384.75,28402.5,226
2026-05-06 10:06:29.108,28395,28405,28395,28405,9
2026-05-06 10:06:29.116,28397.5,28407.5,28397.5,28407.5,122
2026-05-06 10:06:29.124,28400,28410,28400,28410,91
2026-05-06 10:06:29.124,28402.5,28412.5,28402.5,28412.5,8
2026-05-06 10:06:29.128,28405,28415,28405,28415,23
2026-05-06 10:06:38.956,28407.5,28417.5,28406.25,28417.5,2390
2026-05-06 10:06:40.120,28410,28420,28410,28420,171
2026-05-06 10:06:46.712,28412.5,28421.5,28402.5,28402.5,840
2026-05-06 10:06:54.612,28410,28410.5,28400,28400,977
2026-05-06 10:06:54.768,28407.5,28407.5,28397.5,28397.5,58
2026-05-06 10:06:55.128,28405,28405,28395,28395,110
2026-05-06 10:06:58.160,28402.5,28402.5,28392.5,28392.5,925
2026-05-06 10:06:58.712,28400,28400,28390,28390,130
2026-05-06 10:07:01.136,28397.5,28397.5,28387.5,28387.5,1018
2026-05-06 10:07:02.064,28395,28395,28385,28385,682
2026-05-06 10:07:06.780,28392.5,28402.5,28384.75,28402.5,1355
2026-05-06 10:07:09.576,28395,28405,28395,28405,644
2026-05-06 10:07:10.424,28397.5,28407.5,28397.5,28407.5,159
2026-05-06 10:07:10.608,28400,28410,28400,28410,66
2026-05-06 10:07:16.740,28402.5,28412.5,28402.5,28412.5,897
2026-05-06 10:07:29.448,28405,28415,28402.5,28415,1648
2026-05-06 10:07:29.964,28407.5,28417.5,28407.5,28417.5,92
2026-05-06 10:07:32.956,28410,28420,28410,28420,529
2026-05-06 10:07:40.196,28412.5,28422.5,28412.5,28422.5,871
2026-05-06 10:07:42.840,28415,28425,28415,28425,303
2026-05-06 10:07:42.972,28417.5,28427.5,28417.5,28427.5,87
2026-05-06 10:07:44.840,28420,28430,28420,28430,351
2026-05-06 10:07:46.456,28422.5,28432.5,28422.5,28432.5,273
2026-05-06 10:07:48.320,28425,28435,28425,28435,293
2026-05-06 10:08:00.184,28427.5,28437.5,28426.5,28437.5,1636
2026-05-06 10:08:00.764,28430,28440,28430,28440,157
2026-05-06 10:08:33.448,28432.5,28442.5,28426.5,28442.5,3960
2026-05-06 10:08:38.396,28435,28445,28435,28445,724
2026-05-06 10:08:39.912,28437.5,28447.5,28437.5,28447.5,398
2026-05-06 10:08:42.248,28440,28450,28440,28450,547
2026-05-06 10:08:42.300,28442.5,28452.5,28442.5,28452.5,162
2026-05-06 10:09:07.236,28445,28455,28443.75,28455,2924
2026-05-06 10:09:07.916,28447.5,28457.5,28447.5,28457.5,254
2026-05-06 10:09:31.316,28450,28460,28450,28460,2407
2026-05-06 10:09:38.416,28452.5,28462.5,28452.5,28462.5,710
2026-05-06 10:09:38.932,28455,28465,28455,28465,149
2026-05-06 10:09:40.336,28457.5,28467.5,28457.5,28467.5,282
2026-05-06 10:09:40.624,28460,28470,28460,28470,138
2026-05-06 10:09:41.020,28462.5,28472.5,28462.5,28472.5,144
2026-05-06 10:09:41.628,28465,28475,28465,28475,153
2026-05-06 10:09:42.332,28467.5,28477.5,28467.5,28477.5,322
2026-05-06 10:09:45.124,28470,28480,28470,28480,625
2026-05-06 10:10:14.964,28472.5,28482.5,28470.5,28482.5,3605
2026-05-06 10:10:25.480,28475,28485,28473.75,28485,1257
2026-05-06 10:10:25.936,28477.5,28487.5,28477.5,28487.5,157
2026-05-06 10:10:34.312,28480,28490,28480,28490,1277
2026-05-06 10:11:06.080,28482.5,28491.75,28472.5,28472.5,3224
2026-05-06 10:11:09.324,28480,28480,28470,28470,312
2026-05-06 10:11:54.892,28477.5,28487.5,28469,28487.5,3208
2026-05-06 10:11:59.352,28480,28490,28480,28490,465
2026-05-06 10:12:03.272,28482.5,28492.5,28482.5,28492.5,669
2026-05-06 10:12:12.680,28485,28495,28485,28495,1236
2026-05-06 10:12:17.716,28487.5,28497.5,28487.5,28497.5,616
2026-05-06 10:12:49.724,28490,28499.5,28480,28480,3563
2026-05-06 10:12:51.036,28487.5,28487.5,28477.5,28477.5,214
2026-05-06 10:12:51.184,28485,28485,28475,28475,109
2026-05-06 10:13:00.332,28482.5,28482.5,28472.5,28472.5,831
2026-05-06 10:13:01.816,28480,28480,28470,28470,373
2026-05-06 10:13:01.816,28477.5,28477.5,28467.5,28467.5,113
2026-05-06 10:13:08.004,28475,28475,28465,28465,978
2026-05-06 10:14:48.764,28472.5,28482.5,28463,28482.5,7809
2026-05-06 10:14:53.308,28475,28485,28475,28485,456
2026-05-06 10:16:00.124,28477.5,28486.5,28467.5,28467.5,3906
2026-05-06 10:16:19.024,28475,28485,28465.5,28485,1216
2026-05-06 10:16:21.596,28477.5,28487.5,28477.5,28487.5,460
2026-05-06 10:16:55.868,28480,28488.5,28470,28470,1852
2026-05-06 10:16:56.852,28477.5,28477.5,28467.5,28467.5,136
2026-05-06 10:16:57.908,28475,28475,28465,28465,170
2026-05-06 10:17:06.892,28472.5,28472.5,28462.5,28462.5,773
2026-05-06 10:17:17.236,28470,28470,28460,28460,1087
2026-05-06 10:17:18.104,28467.5,28467.5,28457.5,28457.5,193
2026-05-06 10:17:19.312,28465,28465,28455,28455,289
2026-05-06 10:17:19.772,28462.5,28462.5,28452.5,28452.5,221
2026-05-06 10:17:21.132,28460,28460,28450,28450,621
2026-05-06 10:17:21.492,28457.5,28457.5,28447.5,28447.5,203
2026-05-06 10:17:35.672,28455,28455,28445,28445,1617
2026-05-06 10:17:38.216,28452.5,28452.5,28442.5,28442.5,393
2026-05-06 10:17:38.244,28450,28450,28440,28440,154
2026-05-06 10:17:38.284,28447.5,28447.5,28437.5,28437.5,139
2026-05-06 10:17:38.284,28445,28445,28435,28435,130
2026-05-06 10:17:38.284,28442.5,28442.5,28432.5,28432.5,103
2026-05-06 10:17:38.984,28440,28440,28430,28430,532
2026-05-06 10:17:39.628,28437.5,28437.5,28427.5,28427.5,423
2026-05-06 10:17:39.692,28435,28435,28425,28425,133
2026-05-06 10:17:39.692,28432.5,28432.5,28422.5,28422.5,82
2026-05-06 10:17:52.576,28430,28440,28420.25,28440,3236
